titulo;valorMin;valorMax;data;skill;pais
Proyecto x;250;500;27 de Março de 2023 13:48;['JavaScript', 'MySQL', 'PHP', 'C++', 'Python', 'SQL', 'Laravel'];Chile
Criação de procedure em firebird scanntech;50;50;26 de Março de 2023 19:15;['Delphi', 'Aptidão de programação', 'SQL', 'Firebird', 'JavaScript', 'MySQL', 'PHP'];Brasil
Desenvolvimento de Power Bi para análise de Dre e Indicadores de Performance;500;1000;21 de Março de 2023 18:22;['Sem skills'];Brasil
Instalacion de Postgresql en un ordenador dedicado;250;500;13 de Março de 2023 22:01;['Sem skills'];Espanha
Sql Query - Teradata;50;100;28 de Fevereiro de 2023 17:53;['SQL'];Omã
Analise banco postgresql;1000;3000;23 de Fevereiro de 2023 14:15;['PostgresSQL', 'SQL', 'HTML5', 'MySQL', 'PHP'];Brasil
Business inteligence;1000;3000;20 de Fevereiro de 2023 21:28;['SQL', 'Power BI'];Brasil
Sistema de Gerenciamento de Usuários. Accounts-database;500;1000;23 de Janeiro de 2023 18:17;['JavaScript', 'MySQL', 'PHP', 'Python', 'SQL'];Brasil
Analista de dados pra analisar resultados que variam de 1,00 a 500,00 tendo em vista uma previsão dos numeros acima de 2,00;500;1000;20 de Janeiro de 2023 22:15;['JavaScript', 'MySQL', 'PHP', 'API', 'Python', 'SQL'];Brasil
Soporte de ayuda para un proyecto de data analysis utilizando Sql.;50;100;19 de Janeiro de 2023 16:14;['MySQL', 'PostgresSQL', 'SQL', 'Inglês'];Paraguai
Renovación del backoffice;15;45;16 de Janeiro de 2023 19:29;['JavaScript', 'MySQL', 'PHP', 'SQL', 'SQL Server'];Argentina
Renovación del Backoffice;1000;3000;16 de Janeiro de 2023 19:08;['HTML5', 'MySQL', 'PHP', 'JavaScript', 'Python', 'SQL', 'SQL Server'];Argentina
Dashboard automatizados y workflows;250;500;12 de Janeiro de 2023 15:56;['SQL', 'Microsoft PowerPoint', 'Microsoft Flow'];Peru
Sistema de préstamos;250;500;10 de Janeiro de 2023 17:06;['JavaScript', 'MySQL', 'PostgresSQL', 'Python', 'SQL', 'SQL Server', 'Firebase', 'Odoo', 'SOAP', 'Bootstrap'];Peru
Script de extração de dados de sites usando a ferramenta Botcity na linguagem phyton;500;1000;06 de Dezembro de 2022 12:52;['MySQL', 'API', 'Oracle', 'Python', 'SQL'];Brasil
Sistema De Alerta De Expedientes;50;100;02 de Dezembro de 2022 00:19;['JavaScript', 'MySQL', 'Java', 'SQL'];Peru
Desarrollador Siebel;3000;3000;28 de Novembro de 2022 11:07;['Java', 'Siebel', 'SQL'];Espanha
Conexão de bancos e chamadas entre Apis e apps;1000;3000;23 de Novembro de 2022 20:28;['MySQL', 'Google App Engine', 'Google Cloud Platform', 'Estruturação de Dados', 'Data Warehousing', 'Database', 'PostgresSQL', 'SQL', 'SQL Server', 'Google GSuite'];Brasil
Php Back end - Ler aquivo .csv e .txt e salvar os dados no banco de dados;250;500;22 de Novembro de 2022 22:31;['MySQL', 'PHP', 'PostgresSQL', 'SQL'];Brasil
Experto en Softland;100;250;21 de Novembro de 2022 13:18;['Crystal Reports', 'SQL', 'SQL Server', 'Microsoft Windows Server'];Chile
Estudo De Caso - Banco De Dados;100;250;18 de Novembro de 2022 11:17;['MySQL', 'Modelagem de Dados', 'SQL'];Brasil
Requiero experto en Sql - Sqlserver 2019;100;250;11 de Outubro de 2022 21:23;['SQL', 'SQL Server'];Colômbia
Recompensa/tarefa por curtir, assistir e compartilhar conteúdo nas mídias sociais;100;250;11 de Outubro de 2022 13:41;['MySQL', 'PHP', 'SQL'];Brasil
Programa simples em c#;100;250;06 de Outubro de 2022 18:37;['C#', 'SQL'];Brasil
Necesito hacer cambios en un Sp que tiene dependencia de otros Sp y funciones de Sql;50;100;06 de Outubro de 2022 14:47;['SQL', 'SQL Server'];México
Criação de Estrutura de Business Intelligence;1000;3000;06 de Outubro de 2022 13:21;['OLAP', 'Oracle PL/SQL', 'SQL', 'Extract Transform Load (ETL)'];Brasil
Continuar con sistema de reservas en Java y Swing;250;500;30 de Setembro de 2022 11:21;['C', 'Java', 'MySQL', 'SQL'];Argentina
Programador Php;250;500;29 de Setembro de 2022 18:02;['HTML', 'JavaScript', 'MySQL', 'PHP', 'SQL', 'Bootstrap', 'CodeIgniter', 'WordPress', 'Responsive Web Design'];Brasil
Proyecto plataforma web con .net core + Angular + Sql + Capacitación;250;500;05 de Setembro de 2022 01:03;['API', 'SQL', '.Net Core', 'Angular 9'];Argentina
Plataforma de mantenimiento predictivo para garantizar el funcionamiento de las máquinas que suministran energía a los procesos críticos de producción;50;100;02 de Setembro de 2022 15:22;['Python', 'SQL', 'Power BI'];Colômbia
Criar Script Simples;15;15;29 de Agosto de 2022 16:42;['SQL'];Brasil
Plataforma de influenciadores;15;45;26 de Agosto de 2022 21:49;['C#', 'CSS', 'HTML', 'SQL', 'Bootstrap', 'MVC', '.Net Core'];Brasil
Bot de Telegram -  postagens de novos videos e Preços de Placas;250;500;21 de Agosto de 2022 14:03;['API', 'Python', 'SQL'];Brasil
Sistema Web para Apontamento de Os;500;1000;21 de Agosto de 2022 02:00;['JavaScript', 'MySQL', 'PHP', 'Python', 'SQL', 'Responsive Web Design', 'React.js'];Brasil
Diseño de e-commerce B2b / Marketplace con uso de herramienta Bubble.io;1000;3000;19 de Agosto de 2022 13:32;['SQL', 'MongoDB'];Argentina
Desarrollo de Módulo de Contabilidad para Odoo Comunity y Módulo de Facturación (Sistema de Facturación Electrónica) (Bolivia);100;250;04 de Julho de 2022 20:46;['PHP', 'CSS', 'HTML', 'PostgresSQL', 'Python', 'XML', 'Odoo', 'SQL'];Bolívia
Manutenção e ajustes em Ssis (Sql Server Integration Services);100;250;04 de Julho de 2022 20:44;['SQL', 'SQL Server'];Brasil
Encerrar um site que esta no final;100;250;02 de Julho de 2022 19:47;['JavaScript', 'MySQL', 'PHP', 'SQL', 'WordPress'];Brasil
Terminar um site - leia a descrição;100;250;02 de Julho de 2022 00:38;['PHP', 'FTP', 'SQL'];Brasil
Mejoras a Sistema Comercial Inmobiliario;1000;3000;30 de Junho de 2022 16:26;['.NET', 'C#', 'CSS', 'HTML', 'JavaScript', 'SQL', 'SQL Server'];Chile
Mentor en Sql o React;500;1000;30 de Junho de 2022 01:55;['MySQL', 'SQL', 'React.js', 'React Native'];Argentina
Desenvolvedor Ios;15;45;24 de Junho de 2022 17:10;['iOS', 'SQL', 'MVC', 'Swift', 'JavaScript', 'MySQL', 'PHP'];Brasil
Manutenção e Desenvolvimento de Banco de Dados (já existente);250;500;20 de Maio de 2022 14:36;['HTML', 'Linux', 'MySQL', 'PHP', 'SQL'];Brasil
Google Analyst. Data engineering and statistics. Google Cloud Analys;50;100;18 de Maio de 2022 13:12;['Google App Engine', 'MySQL', 'SQL', 'Google Cloud Platform', 'Big Data', 'Data Science'];Equador
Dba para automatizar respaldo en Sqlserver 2016 hacia S3 Aws y Recuperación de S3 a sql server  2016;100;250;17 de Maio de 2022 19:20;['Amazon Web Services', 'SQL', 'SQL Server'];Chile
Desenvolmento de site em .Net Core;500;1000;14 de Maio de 2022 13:09;['JavaScript', 'API', 'SQL', '.Net Core'];Brasil
Implementación contabilidad electrónica en Intelisis;250;500;13 de Maio de 2022 16:47;['C#', 'SQL'];México
Instructor Sql Server;500;1000;12 de Maio de 2022 20:19;['Database', 'MySQL', 'SQL', 'SQL Server'];México
Tótem auto-atención;500;1000;11 de Maio de 2022 20:21;['Java', 'Python', 'C#', 'MySQL', 'SQL', 'Arduino'];Chile
Consultas en Google Cloud Sql;15;15;21 de Abril de 2022 14:45;['JavaScript', 'MySQL', 'PHP', 'SQL', 'Google Cloud Platform'];Colômbia
Se busca Experto en Vtiger 7.2.0;50;100;21 de Abril de 2022 12:56;['JavaScript', 'MySQL', 'PHP', 'Smarty', 'SQL'];Peru
Higg_pix;250;500;20 de Abril de 2022 21:01;['JavaScript', 'API', 'ASPNET', 'C#', 'SQL', 'VB.NET', 'MySQL', 'PHP'];Brasil
Dashboard en Powerbi;500;1000;19 de Abril de 2022 16:11;['MySQL', 'PostgresSQL', 'SQL', 'Power BI'];Colômbia
Consultas Sql y Reportes Excel;50;100;19 de Abril de 2022 01:00;['MySQL', 'PHP', 'SQL', 'Microsoft Excel'];Argentina
Looking for C# Developers with experience in C# Win Forms, Sql and Ssrs Reports;15;15;18 de Abril de 2022 02:18;['C#', 'SQL', 'SQL Server', 'Redação de relatórios'];Cingapura
Creacion y actualizacion de dataset a partir de scrapping website;50;100;13 de Abril de 2022 15:17;['Database', 'Python', 'SQL'];Argentina
Sistema de Control y Gestión ambulancias;1000;3000;09 de Março de 2022 18:23;['JavaScript', '.NET', 'API', 'CSS', 'HTML', 'SQL', 'MVC'];Chile
Aplicativo para desktop Erp;15;15;07 de Março de 2022 15:48;['Java', 'API', 'Eclipse', 'JavaScript', 'JSON', 'Struts', 'C', 'Python', 'SQL'];Brasil
Configuração Sql Google Cloud Plataform;100;250;02 de Março de 2022 18:02;['SQL', 'Google Cloud Platform', 'Data Science', 'Extract Transform Load (ETL)'];Estados Unidos
Serviço de notificação angular e Mssql;100;250;02 de Março de 2022 11:32;['CSS', 'Responsive Web Design', 'API', 'HTML5', 'Java', 'JavaScript', 'SQL', 'React.js', 'Microservices', 'Spring Boot'];Brasil
Soporte y Programación media en Sql Server y Mysql;500;1000;28 de Fevereiro de 2022 15:43;['MySQL', 'C++', 'SQL', 'SQL Server'];México
Integração entre Sistema de Gestão Acadêmica e Sistema de Controle de Acesso;100;250;24 de Fevereiro de 2022 21:34;['API', 'SQL'];Brasil
Criação de Banco de Dados Sql;100;250;17 de Fevereiro de 2022 18:03;['SQL'];Brasil
Exame sql;100;250;14 de Janeiro de 2022 01:01;['SQL', 'SQL Server'];Portugal
Insertar imagen en Word con vb .net;50;50;10 de Janeiro de 2022 18:45;['SQL', 'VB.NET', 'Desenvolvimento Web'];México
Gerenciar acessos Git;250;500;10 de Janeiro de 2022 17:42;['Python', 'SQL', 'Microsoft Excel', 'Git', 'Shell Scripting'];Brasil
Desenvolvimento Mobile - Firemonkey;250;500;04 de Janeiro de 2022 20:17;['API', 'Delphi', 'SQL', 'Responsive Web Design'];Brasil
Automatización de proceso;50;100;04 de Janeiro de 2022 02:58;['MySQL', 'Microsoft Sharepoint', 'SQL', 'Microsoft Excel', 'Microsoft PowerApps'];Colômbia
Requiero de alguien experto en Qa Tester (Proyecto Web);250;500;31 de Dezembro de 2021 07:48;['HTML5', 'MySQL', 'PHP', 'API', 'CSS', 'HTML', 'JavaScript', 'SQL', 'Responsive Web Design', 'Vue.js'];México
Full Stack - Python;3000;3000;27 de Dezembro de 2021 19:23;['JavaScript', 'MySQL', 'Amazon Web Services', 'Microsoft Azure', 'Oracle DBA', 'Python', 'SQL', 'AngularJS', 'Inglês', 'React.js'];México
Mentor/a Java Ssr/Sr;15;45;23 de Novembro de 2021 14:38;['Java', 'SQL'];Argentina
Postgresql Developer / Database Developer with 5+ years of experience;15;45;18 de Novembro de 2021 18:11;['HTML5', 'MySQL', 'PHP', 'JSON', 'Oracle PL/SQL', 'PostgresSQL', 'SQL'];India
Data analytics;3000;3000;18 de Novembro de 2021 12:46;['C++', 'Microsoft Azure', 'Microsoft Sharepoint', 'Python', 'SQL', 'Power BI', 'Microsoft PowerApps'];Argentina
Experto En Salesforce Marketing Cloud;15;45;16 de Novembro de 2021 18:34;['Marketing Online', 'Marketing', 'Salesforcecom', 'SQL'];Espanha
Need a developer highly skilled in .Net Core, Vb.Net, Xamarin and Sql.;15;45;11 de Novembro de 2021 22:29;['API', 'C#', 'SQL', 'Xamarin', 'JavaScript', 'VB.NET', '.Net Core', 'CSS', 'MySQL', 'PHP'];Estados Unidos
Proyecto para el sector educativo. Java, spring boot, Sql;15;45;11 de Novembro de 2021 19:17;['Java', 'SQL', 'Spring Boot', 'MySQL'];Argentina
Menú en Vfp9 que llame a Submenu y Reportes;50;50;10 de Novembro de 2021 22:29;['FoxPro', 'SQL', 'SQL Server'];Argentina
Mejora de Web en Php;500;1000;20 de Outubro de 2021 15:13;['JavaScript', 'PHP', 'CSS', 'HTML', 'SQL'];Uruguai
Modificación  Sistema;250;500;19 de Outubro de 2021 17:46;['C#', 'SQL', 'SQL Server', 'Visual Basic'];Peru
Extractor de productos prime en amazon y publicar en mercado libre;100;250;16 de Outubro de 2021 14:04;['PHP', 'WordPress', 'Analytics', 'Responsive Web Design', 'Lojas Virtuais (e-commerce)', 'SEO', 'Facebook Ads', 'SQL'];México
Data Engineering - Google Cloud;50;100;15 de Outubro de 2021 14:35;['Amazon Web Services', 'Python', 'SQL', 'Google Cloud Platform', 'Docker'];Argentina
Punto de venta en dispositivos moviles;100;250;13 de Outubro de 2021 23:03;['Android', 'HTML', 'HTML5', 'iPhone', 'Node.js', 'SQL', 'Responsive Web Design'];México
Projecto em flask com visualizações dinâmicas;15;45;12 de Outubro de 2021 22:10;['JavaScript', 'API', 'HTML', 'HTML5', 'SQL', 'Responsive Web Design'];Portugal
Manutenção sistema Php;100;250;12 de Outubro de 2021 15:11;['JavaScript', 'MySQL', 'PHP', 'HTML', 'jQuery', 'SQL', 'Git'];Brasil
Crear una waitlist (lista de espera) con Oauth 2.0 de Google;50;50;15 de Setembro de 2021 15:29;['JavaScript', 'MySQL', 'PHP', 'API', 'CSS', 'HTML', 'HTML5', 'React.js', 'SQL', 'Gestão de registros'];Venezuela
Aplicativo Cambiario y Financiero Power Platform;100;250;14 de Setembro de 2021 23:40;['Microsoft Sharepoint', 'Desenvolvimento Web', 'Power BI', 'Microsoft PowerApps', 'SQL'];Colômbia
Modificações em aplicativos em flutter;250;500;14 de Setembro de 2021 18:07;['Android', 'iOS', 'iPhone', 'MySQL', 'SQL', 'Responsive Web Design'];Brasil
Data Engineer w/ Etl Latam;15;45;07 de Setembro de 2021 16:02;['Data Warehousing', 'Database', 'SQL', 'Extract Transform Load (ETL)'];Venezuela
Criar Dashboard powerbi a partir de xmls em um banco de dados;50;100;31 de Agosto de 2021 16:47;['MySQL', 'SQL', 'Power BI'];Brasil
Desenvolvimento de Software de Controle;250;500;28 de Agosto de 2021 09:38;['JavaScript', 'MySQL', 'PHP', 'API', 'Java', 'Python', 'SQL', 'SQL Server'];Brasil
We are hiring Java senior developer as coach for our 2-month coding bootcamp;15;45;26 de Agosto de 2021 23:25;['MySQL', 'API', 'Java', 'SQL', 'Git', 'Spring Framework', 'Spring Security', 'Apache Maven', 'RabbitMQ', 'Spring Boot'];Malásia
Dashboard Logistica;1000;3000;27 de Julho de 2021 13:45;['SQL'];Brasil
Necesito hacer un programa que imprima unos reportes de sql;50;100;23 de Julho de 2021 16:36;['PHP', 'SQL', 'SQL Server'];República Dominicana
Desarrolladores en Odoo;500;1000;22 de Julho de 2021 15:50;['HTML5', 'MySQL', 'PHP', 'CSS', 'HTML', 'PostgresSQL', 'Python', 'SQL'];Colômbia
Desenvolvimento de Painéis em Powerbi;100;250;22 de Julho de 2021 13:27;['SQL', 'SQL Server', 'Power BI'];Brasil
Desarrollo Base de Datos;50;50;21 de Julho de 2021 17:51;['MySQL', 'SQL', 'SQL Server'];Chile
Sistema web + Apis;500;1000;19 de Julho de 2021 17:23;['JavaScript', 'API', 'CSS', 'HTML', 'HTML5', 'SQL', 'Responsive Web Design', 'JSON', 'PHP'];Brasil
Banco de Dados para informações geradas no Excel;50;100;15 de Julho de 2021 02:52;['SQL', 'SQL Server', 'Microsoft Excel', 'MySQL'];Brasil
Customer Relationship Manager;45;45;15 de Junho de 2021 02:03;['Facebook', 'Marketing Online', 'Marketing', 'SQL', 'Google AdWords', 'Google Analytics', 'Microsoft Office'];Austrália
Desenvolvedor Full Stack;1000;3000;14 de Junho de 2021 12:54;['PostgresSQL', 'Python', 'SQL', 'React.js'];Brasil
Java Backend Developer : Philippines, Malaysia or Indonesia;15;15;11 de Junho de 2021 14:54;['Java', 'SQL', 'Spring Framework', 'JavaScript', 'MySQL', 'PHP'];Polônia
Backend Developer;50;50;10 de Junho de 2021 16:24;['JavaScript', 'MySQL', 'PHP', 'Java', 'Node.js', 'Python', 'SQL', 'Typescript'];Argentina
2 Azure Engineers;45;45;09 de Junho de 2021 22:55;['PHP', 'API', 'Cisco', 'HTML', 'JavaScript', 'Microsoft Azure', 'Microsoft Visual Studio', 'SQL', 'HTML5', 'MySQL'];Peru
Marketplace multivendedor con codigo unico;250;500;08 de Junho de 2021 16:10;['CSS', 'HTML', 'JavaScript', 'JSON', 'MySQL', 'PHP', 'SQL', 'Laravel'];Equador
Buscamos desarrolladores Java/Java Ee;3000;3000;07 de Junho de 2021 14:59;['MySQL', 'SQL'];Argentina
Seleccionaremos Ingeniero De Datos Para Importante Empresa De Salud De Curitiba Brasil;45;45;05 de Maio de 2021 19:37;['Microsoft Azure', 'Python', 'SQL', 'Git', 'Google Cloud Platform'];Argentina
Desenvolvimento de integracoes;15;15;04 de Maio de 2021 15:09;['JavaScript', 'API', 'Java', 'JSON', 'PostgresSQL', 'SQL'];Brasil
Desenvolvedor bakcend python para sistema web na área financeira;1000;3000;03 de Maio de 2021 22:30;['JavaScript', 'API', 'Python', 'SQL', 'Git'];Brasil
Urgente! Debug Advpl (Protheus);50;100;30 de Abril de 2021 15:29;['HTML5', 'ERP', 'SQL', 'SQL Server'];Brasil
Criar 3 banco de dados no Bigquery + 1 script de atualização de cartões no Trello;500;1000;29 de Abril de 2021 18:01;['API', 'Database', 'SQL'];Brasil
Desarrollo en React con .net;500;1000;26 de Abril de 2021 15:47;['JavaScript', '.NET', 'SQL', 'React.js', 'React Native'];México
Desarrollo de tableros de control en Sql (redash);50;50;21 de Abril de 2021 23:04;['Oracle', 'SQL', 'Análise de Negócios', 'Inteligência empresarial'];Argentina
Questor - contabil e Fiscal - interface;250;500;10 de Março de 2021 17:34;['SQL', 'Firebird'];Brasil
Programador para ajustar e finalizar website;1000;3000;10 de Março de 2021 15:47;['JavaScript', 'Node.js', 'SQL', 'Responsive Web Design', 'React.js'];Brasil
Consultoría en Ibm Spss Statistics y Modeler;15;45;10 de Março de 2021 15:21;['Database', 'SQL', 'Extract Transform Load (ETL)', 'Modelagem de Dados', 'Estatística', 'SPSS'];Colômbia
Desenvolvimento de micro-serviços com Php;45;45;09 de Março de 2021 19:56;['MySQL', 'PHP', 'API', 'HTML', 'Laravel', 'Apache', 'Linux', 'SQL'];Brasil
Portal Web Corporativo.;250;500;09 de Março de 2021 03:35;['CSS', 'HTML', 'PHP', 'SQL', 'WordPress', 'Design Gráfico', 'Responsive Web Design', 'Web Design'];Porto Rico
Construção de sistema de migração de banco de dados de sistema contabil;15;45;08 de Março de 2021 14:31;['JavaScript', 'MySQL', 'Python', 'SQL'];Brasil
Experto Modelos Analíticos;45;45;08 de Março de 2021 12:04;['Python', 'SQL'];Argentina
Programación de site en codeigniter;250;500;19 de Fevereiro de 2021 13:06;['JavaScript', 'MySQL', 'CodeIgniter', 'SQL', 'Responsive Web Design', 'React.js'];Argentina
Processo de Carga de Dados de Arquivo Texto para Tabela no Google Bigquery;50;100;18 de Fevereiro de 2021 20:16;['JSON', 'SQL', 'Google Cloud Platform', 'Big Data'];Brasil
Ajuste de software;250;500;12 de Fevereiro de 2021 13:49;['MySQL', 'HTML', 'Oracle MySQL', 'Python', 'SQL'];Brasil
Implantar sistema de orçamentario em Vba e Sql;500;1000;12 de Fevereiro de 2021 03:30;['JavaScript', 'MySQL', 'PHP', 'SQL', 'VBA', 'Power BI'];Brasil
Desenvolvimento de site de serviço de Rh;500;1000;11 de Fevereiro de 2021 17:47;['JavaScript', 'C#', 'CSS', 'HTML', 'HTML5', 'SQL'];Brasil
Ajuste .;100;250;11 de Fevereiro de 2021 14:35;['MySQL', 'Django', 'HTML', 'Python', 'SQL'];Brasil
Desarrollador de Android Junior para Startup;50;100;10 de Fevereiro de 2021 16:57;['Android', 'API', 'iPhone', 'Java', 'SQL', 'Responsive Web Design', 'UX Writing'];Argentina
Desarrollador certificado en Azure con nivel Arquitecto;45;45;15 de Janeiro de 2021 23:17;['API', 'Microsoft Azure', 'SQL', 'AngularJS', 'MVC', 'C#'];México
Requiero una persona con las habilidades de sql;50;100;14 de Janeiro de 2021 15:15;['HTML5', 'MySQL', 'PHP', 'SQL', 'SQL Lite', 'SQL Server'];Bolívia
40 hs. para modificacion App Web - Asp.Net Mvc C# Font Vue.js;250;500;12 de Janeiro de 2021 20:46;['.NET', 'ASPNET', 'C#', 'JavaScript', 'SQL', 'Vue.js', 'API'];Argentina
Desarrollo en tienda vtex e integracion Erp Sql en plataforma vtex;1000;3000;12 de Janeiro de 2021 01:23;['SQL', 'Lojas Virtuais (e-commerce)'];Panamá
Desarrollo de un simulador para aplicación móvil a nivel académico.;50;50;08 de Janeiro de 2021 15:46;['Android', 'API', 'iPhone', 'JavaScript', 'SQL', 'Responsive Web Design'];Peru
Desenvolvimento De Erp;1000;3000;07 de Janeiro de 2021 06:23;['JavaScript', 'MySQL', 'PHP', 'API', 'SQL', 'Contabilidade', 'Desenvolvimento Web', 'Big Data', 'Power BI'];Brasil
Preciso de ajuda para criar um projeto de Análise de Dados, Big Data para meu currículo;15;15;06 de Janeiro de 2021 00:35;['JavaScript', 'MySQL', 'PHP', 'Python', 'SQL', 'MongoDB', 'Big Data'];Brasil
Sistema de Coleta e Validação de Dados em ambiente online/web;1000;3000;26 de Novembro de 2020 13:53;['JavaScript', 'MySQL', 'PHP', 'HTML', 'HTML5', 'Python', 'SQL', 'Desenvolvimento Web'];Brasil
Consultor programador en Blockchain;100;250;18 de Novembro de 2020 14:56;['.NET', 'AJAX', 'C#', 'C++', 'JavaScript', 'Microsoft Visual Studio', 'Node.js', 'SQL', 'SQL Server', 'MVC'];Estados Unidos
Relatórios Devexpress;500;1000;10 de Novembro de 2020 19:38;['HTML5', 'MySQL', 'SQL'];Brasil
Generar consultas en sql;15;15;08 de Novembro de 2020 20:45;['SQL'];Chile
Generar consultas en sql;50;50;08 de Novembro de 2020 19:22;['SQL'];Chile
Desenvolvimento de Site Wordpress com integrações e Api´s com Hotmart e Zoho One;500;1000;06 de Novembro de 2020 14:44;['HTML', 'PHP', 'WordPress', 'API', 'CSS', 'Java', 'JavaScript', 'Python', 'SQL', 'Design Gráfico'];Brasil
Integração via Api plataforma web e sistema Erp banco de dados Sql;100;250;06 de Novembro de 2020 11:53;['PHP', 'API', 'HTML', 'SQL', 'SQL Server', 'Lojas Virtuais (e-commerce)'];Brasil
Desativação de site .Net com Sql;100;250;28 de Setembro de 2020 13:16;['.NET', 'Amazon Web Services', 'ASPNET', 'SQL', 'SQL Server'];Brasil
Programador front end Blazor;15;45;27 de Setembro de 2020 14:54;['JavaScript', 'PHP', 'API', 'C#', 'CSS', 'HTML', 'HTML5', 'SQL', 'MVC', 'Responsive Web Design'];Chile
Cónsulta inventario;250;500;26 de Setembro de 2020 22:37;['HTML5', 'MySQL', 'PHP', 'SQL', 'WooCommerce'];Colômbia
Suporte à Software;250;500;25 de Setembro de 2020 13:12;['JavaScript', 'CSS', 'Java', 'Linux', 'SQL'];Brasil
Ecommerce desarrollado con Laravel/Symfony;3000;3000;24 de Setembro de 2020 07:14;['JavaScript', 'MySQL', 'PHP', 'HTML5', 'SQL', 'Symfony', 'Laravel', 'CSS3'];Espanha
Pdv Frente de Caixa com controle de Estoque (Pronta Entrega) em Java;250;500;23 de Setembro de 2020 18:33;['MySQL', 'Java', 'SQL', 'SQL Server'];Brasil
Findoctor;100;250;21 de Setembro de 2020 22:51;['JavaScript', 'MySQL', 'PHP', 'API', 'CSS', 'HTML', 'Ruby', 'Ruby on Rails', 'SQL', 'Vue.js'];Guatemala
Plataforma de distribucion y logistica;1000;3000;20 de Agosto de 2020 21:51;['JavaScript', '.NET', 'SQL', 'AngularJS'];Argentina
Estructura de Base de Datos, formularios y consulta;50;100;20 de Agosto de 2020 14:19;['HTML5', 'JavaScript', 'Microsoft Access', 'MySQL', 'Oracle MySQL', 'PHP', 'PostgresSQL', 'SQL'];Colômbia
E-commerce de Móveis;250;500;20 de Agosto de 2020 01:27;['API', 'CSS', 'HTML', 'JavaScript', 'SQL'];Brasil
Integração Office Banking - Erp (Benner);250;500;18 de Agosto de 2020 13:26;['ERP', 'SQL', 'VBA'];Brasil
Desenvolvedor Java Pleno (dentro ou fora do Rj);500;1000;17 de Agosto de 2020 10:45;['JavaScript', 'HTML', 'HTML5', 'SQL', 'SQL Server', 'Struts', 'Responsive Web Design'];Brasil
Graficar carta de vientos;50;100;16 de Agosto de 2020 17:27;['Python', 'SQL'];Colômbia
Calcular Custo Médio de uma posição de ações;50;100;16 de Agosto de 2020 14:20;['Microsoft Access', 'SQL'];Brasil
Sistema de gerenciamente de energia elétrica de empresa de varejo com mais de 200 lojas;3000;3000;23 de Julho de 2020 13:37;['Microsoft Excel', 'Microsoft PowerPoint', 'Java', 'Python', 'SQL', 'C', 'JavaScript', 'MySQL', 'Design Gráfico'];Brasil
Replicação de Dados Master x Slave em Banco Firebird 3.0 - Delphi;100;250;22 de Julho de 2020 10:59;['Database', 'Delphi', 'SQL', 'Firebird'];Brasil
Consultor Linx;15;45;22 de Julho de 2020 07:29;['HTML5', 'MySQL', 'PHP', 'Linux', 'Software Testing', 'SQL', 'SQL Server', 'Lojas Virtuais (e-commerce)'];Portugal
Desarrollo de framework de pruebas unitarias (T-Sql) para servidor Sybase/Sap Ase (Adaptive Server Enterprise);1000;3000;18 de Julho de 2020 17:19;['SQL', 'SQL Server', 'Sybase'];Panamá
Desenvolvedor Node.Js;15;15;10 de Julho de 2020 22:01;['JavaScript', 'API', 'Node.js', 'SQL', 'MongoDB'];Brasil
Consultor Linx - Wp001;45;45;10 de Julho de 2020 16:08;['HTML5', 'MySQL', 'PHP', 'SQL'];Brasil
Trabalho de migração de rotinas, Sql;15;15;10 de Julho de 2020 11:12;['HTML5', 'MySQL', 'PHP', 'SQL', 'Inglês'];Brasil
Aplicación reservas con consulta Sql (Delphi 10.3);250;500;26 de Maio de 2020 11:30;['Delphi', 'SQL'];Espanha
Transcrição/tradução ptbr livro programação + slides de apresentação;100;250;26 de Maio de 2020 10:16;['MySQL', 'Oracle MySQL', 'Oracle PL/SQL', 'SQL'];Brasil
Programador para sitio web;50;50;21 de Maio de 2020 22:21;['JavaScript', 'PHP', 'API', 'CSS', 'HTML5', 'SQL', 'Desenvolvimento Web'];Colômbia
Desarrollador Php;1000;3000;20 de Maio de 2020 10:26;['JavaScript', 'MySQL', 'PHP', 'SQL', 'Symfony', 'Laravel', 'Ionic Framework'];Espanha
Crear un Marketplace;1000;3000;18 de Maio de 2020 22:22;['JavaScript', 'PHP', 'API', 'HTML', 'Python', 'SQL', 'Desenvolvimento Web', 'MongoDB', 'React.js', 'Meteor JS'];Panamá
Necesito modificar un proyecto en Laravel;50;100;18 de Maio de 2020 20:56;['HTML', 'JavaScript', 'MySQL', 'PHP', 'SQL', 'Laravel'];Panamá
Comunidade e Rede social;250;500;15 de Maio de 2020 21:35;['API', 'JavaScript', 'Node.js', 'PostgresSQL', 'React.js', 'SQL'];Brasil
Verificación de Instalación de Base de Datos Sybase 15.7.0, dentro de Centos 6;50;50;24 de Abril de 2020 16:29;['CentOS', 'Linux', 'SQL', 'Sybase'];Guatemala
Criação de módulo para conferência/separação de pedidos;100;250;21 de Abril de 2020 12:15;['JavaScript', 'PHP', 'Aplicativos desktop', 'MySQL', 'SQL'];Brasil
Desenvolvimento de portal Web;500;1000;20 de Abril de 2020 15:26;['JavaScript', 'Node.js', 'PostgresSQL', 'SQL', 'React.js'];Brasil
Dba Mysql;250;500;18 de Abril de 2020 01:00;['dBase', 'MySQL', 'Oracle MySQL', 'SQL'];Brasil
Suporte React/Native + Sqlite (Experiência mínima de 3 anos);500;1000;15 de Abril de 2020 23:32;['Android', 'JavaScript', 'SQL', 'React Native'];Brasil
Creacion de dashboards de Business Intelligence;500;1000;09 de Abril de 2020 19:19;['HTML5', 'MySQL', 'PHP', 'API', 'JavaScript', 'SQL', 'Tableau', 'Inteligência artificial', 'Power BI'];Argentina
Development with Scriptcase 9 - modification of existing project;Aberto;Aberto;07 de Abril de 2020 09:04;['HTML5', 'MySQL', 'PHP', 'SQL', 'ScriptCase'];Estados Unidos
Aplicacion de Catas;250;500;03 de Março de 2020 03:24;['Android', 'iPhone', 'Responsive Web Design', 'API', 'HTML', 'iOS', 'Java', 'JavaScript', 'SQL', 'Ionic Framework'];Argentina
Módulo do sistema para exportação de arquivo Xml para plano de saúde;250;500;02 de Março de 2020 16:46;['C#', 'SQL', 'JavaScript', 'MySQL', 'PHP'];Brasil
Migração de pipeline biocomputacional para google cloud utilizando kubernets;500;1000;29 de Fevereiro de 2020 18:45;['JavaScript', 'MySQL', 'Python', 'SQL', 'Assistente Virtual', 'Docker', 'Kubernetes'];Brasil
Desarrollo De Aplicación Móvil De Servicios;3000;3000;28 de Fevereiro de 2020 15:32;['Android', 'iPhone', 'Responsive Web Design', 'API', 'JavaScript', 'Node.js', 'SQL', 'React Native'];México
Web App rede social de criação de quadros (colagem de imagens);3000;3000;27 de Fevereiro de 2020 16:18;['JavaScript', 'PHP', 'CSS', 'HTML', 'HTML5', 'Node.js', 'SQL', 'Responsive Web Design'];Brasil
Jornada Ronda;250;500;25 de Fevereiro de 2020 12:26;['JavaScript', 'MySQL', '.NET', 'Android', 'API', 'Oracle MySQL', 'SQL'];Brasil
Conector Api/Werbservice;500;1000;18 de Fevereiro de 2020 12:49;['PHP', 'API', 'HTML', 'JavaScript', 'MySQL', 'PrestaShop', 'SQL'];Espanha
Diseño de sistema de gestion para bares y cafeterias;1000;3000;05 de Janeiro de 2020 04:51;['Android', 'API', 'MySQL', 'Python', 'Visual Basic', 'PostgresSQL', 'SQL', 'SQL Server'];Argentina
Extract info for New Ecom Site (Prestashop) from old-site Sql database (Joomla!;Aberto;Aberto;26 de Dezembro de 2019 20:28;['MySQL', 'SQL'];Chile
Cnsultoria em Sql Server;50;50;26 de Dezembro de 2019 13:33;['MySQL', 'SQL', 'SQL Server'];Brasil
Programador;50;100;25 de Dezembro de 2019 19:34;['JavaScript', 'MySQL', 'Programação de Redes', 'PHP', 'SQL', 'Web Design'];Brasil
Integracion de Webapp Periferico a Software;3000;3000;24 de Dezembro de 2019 15:44;['JavaScript', 'MySQL', 'PHP', 'SQL', 'SQL Server', 'XML'];México
Looking for an It Specialist.;100;250;23 de Dezembro de 2019 21:51;['HTML', 'PHP', 'WordPress', 'API', 'cPanel', 'CSS', 'HTML5', 'SQL'];Estados Unidos
Conexão com web service;50;100;23 de Dezembro de 2019 13:14;['JavaScript', 'MySQL', 'PHP', 'SQL', 'Web Services', 'Power BI'];Brasil
Necesito una aplicación para un pequeño hotel con 10 habitaciones.;500;1000;27 de Novembro de 2019 07:30;['JavaScript', 'MySQL', 'PHP', 'CSS', 'Database', 'HTML', 'SQL'];Suíça
Finalizar servicio web + Api en Laravel/Php;3000;3000;26 de Novembro de 2019 18:13;['PHP', 'CSS', 'jQuery', 'SQL', 'Laravel', 'Bootstrap', 'LESS/SASS/SCSS'];Espanha
Necesito crear una tienda online en Php 7 nativo con Html5  y ayudo con material de plantillas Html 5;1000;3000;25 de Novembro de 2019 18:49;['JavaScript', 'MySQL', 'PHP', 'HTML5', 'SQL', 'Bootstrap', 'Vue.js'];Colômbia
Data Engineers / Scientists;250;500;22 de Novembro de 2019 04:46;['HTML5', 'MySQL', 'PHP', 'Java', 'JavaScript', 'Python', 'SQL', 'MongoDB', 'Apache Hadoop', 'Power BI'];Vietnã
Migração de dados;15;45;11 de Novembro de 2019 18:19;['MySQL', 'Oracle MySQL', 'PostgresSQL', 'SQL'];Brasil
Ios App Ux Changes;250;500;09 de Novembro de 2019 14:19;['Android', 'iPhone', 'Responsive Web Design', 'API', 'SQL'];Argentina
Machine Learning;500;1000;09 de Novembro de 2019 13:49;['JavaScript', 'MySQL', 'PHP', 'API', 'Modelagem de Dados', 'Estruturação de Dados', 'HTML', 'Python', 'SQL', 'Interpretação dos dados'];Brasil
Organizador de seguimiento de tareas;250;500;08 de Outubro de 2019 03:14;['.NET', 'ASPNET', 'C#', 'Microsoft Visual Studio', 'SQL', 'VB.NET', 'Visual Basic'];Peru
Dashboard App ajustes;250;500;07 de Outubro de 2019 20:42;['Android', 'Facebook', 'iPhone', 'SQL', 'SQL Server', 'Responsive Web Design', 'JavaScript'];Brasil
Buscamos desarrollar una aplicacion para darle seguimiento al proceso productivo de nuestra empresa.;500;1000;03 de Outubro de 2019 18:20;['JavaScript', 'MySQL', 'PHP', 'Ruby on Rails', 'SQL', 'Bootstrap'];México
Profissionais que Tem Conhecimento Autbank;3000;3000;26 de Setembro de 2019 20:20;['SQL'];Brasil
Proyecto de inteligencia de negocios, bodega de datos y visualización;1000;3000;26 de Setembro de 2019 14:04;['MySQL', 'SQL', 'Microstrategy', 'Power BI'];Colômbia
Wordpress websute development;250;500;23 de Setembro de 2019 04:07;['Apache', 'HTML', 'PHP', 'SQL', 'WordPress', 'Responsive Web Design'];India
Python, Sql, Django;500;1000;17 de Setembro de 2019 14:39;['JavaScript', 'MySQL', 'Django', 'HTML', 'Python', 'SQL'];Brasil
Develop a Big Data Application;500;1000;12 de Agosto de 2019 02:24;['C', 'Java', 'Python', 'API', 'CSS', 'HTML5', 'SQL', 'MongoDB', 'Shell Scripting', 'Apache Hadoop'];Brasil
Desarrollo de un sitio web;100;250;11 de Agosto de 2019 11:39;['JavaScript', 'API', 'C#', 'CSS', 'HTML5', 'SQL', 'AngularJS'];Espanha
Sistema de Gestión Administrativo Agropecuario;3000;3000;07 de Agosto de 2019 21:43;['.NET', 'C#', 'SQL', 'Web Services', 'MVC'];Argentina
Criar player personalizado android, smart tv e ios;250;500;05 de Agosto de 2019 14:43;['Android', 'API', 'iOS', 'iPhone', 'Java', 'JavaScript', 'PHP', 'SQL', 'Responsive Web Design'];Brasil
Coletar statisticas e retorno da Api do amazon Ses e salvar no  banco de dados oracle.;50;100;02 de Agosto de 2019 20:09;['JavaScript', 'PHP', 'API', 'Python', 'SQL'];Brasil
Clone do gloriafood;100;250;01 de Agosto de 2019 19:31;['JavaScript', 'MySQL', 'PHP', 'SQL'];Brasil
Rede Social e Criação de Conteúdo Pelo Usuário;1000;3000;24 de Julho de 2019 20:33;['Android', 'iPhone', 'Responsive Web Design', 'API', 'C#', 'CSS', 'HTML', 'iOS', 'JavaScript', 'SQL'];Brasil
Desarrollo Api Rest para transacciones con Bitcoins;15;15;16 de Junho de 2019 03:54;['JavaScript', 'API', 'Node.js', 'SQL', 'MongoDB', 'Bitcoin'];Argentina
Sistema de cálculo de remuneração em plataforma .Net;3000;3000;12 de Junho de 2019 18:13;['HTML5', '.NET', 'AJAX', 'CSS', 'SQL'];Brasil
Punto De Venta Web Centros De Copiado Y Papeleria;250;500;06 de Junho de 2019 22:59;['JavaScript', 'MySQL', 'PHP', 'HTML', 'HTML5', 'Linux', 'Oracle MySQL', 'SQL'];México
Projeto Tic Saúde - Alteração de framework Extjs para Angular;15;45;06 de Junho de 2019 22:43;['JavaScript', 'Desenvolvimento Web', 'CSS', 'HTML', 'Java', 'Node.js', 'SQL', 'AngularJS', 'Scrum', 'Docker'];Portugal
Desenvolvedor Web e App;250;500;04 de Junho de 2019 19:39;['Android', 'iOS', 'JavaScript', 'jQuery', 'MySQL', 'PHP', 'SQL', 'Ionic Framework'];Brasil
Desarrollador Oracle Bi | 4 Meses;1000;3000;31 de Maio de 2019 21:31;['Oracle', 'SQL', 'Inteligência empresarial', 'Tableau', 'Extract Transform Load (ETL)'];México
Desarrollador Java;500;1000;27 de Maio de 2019 14:16;['MySQL', 'Java', 'SQL', 'Design de App Mobile'];Argentina
Venta De Boleteria;45;45;19 de Abril de 2019 02:44;['HTML5', 'API', 'ASPNET', 'C#', 'HTML', 'jQuery', 'JSON', 'SQL', 'AngularJS', 'MVC'];Colômbia
Desarrollador - Arquitecto: para Desarrollo Web Geoespacial - Geonode / Sql (Postgresql / Postgis) /  Openlayers / Python / Django / Foundation / Github / Docker;1000;3000;17 de Abril de 2019 17:53;['Django', 'Geolocation', 'PostgresSQL', 'Python', 'SQL', 'Git', 'Docker'];Argentina
Create a database;15;15;16 de Abril de 2019 13:10;['HTML5', 'MySQL', 'Microsoft Access', 'SQL', 'Power BI'];Brasil
Etl Spoon o Etl Sql;50;100;15 de Abril de 2019 14:43;['HTML5', 'MySQL', 'PHP', 'Oracle', 'SQL', 'Pentaho', 'Extract Transform Load (ETL)'];Colômbia
Api Generador de Chart;250;500;13 de Abril de 2019 00:07;['API', 'JDBC', 'SQL', 'Java', 'Linux', 'Desenvolvimento Web'];Colômbia
Desarrollo de mejoras sobre aplicación existente;500;1000;12 de Abril de 2019 19:16;['JavaScript', '.NET', 'AJAX', 'CSS', 'Dot Net Nuke', 'HTML', 'jQuery', 'SQL', 'NHibernate'];México
Power Bi - Criar relatórios;250;500;11 de Abril de 2019 15:18;['SQL', 'Adobe Photoshop', 'Microsoft Excel', 'Tableau', 'Power BI'];Brasil
Ajuste Destino Seguro;100;250;12 de Março de 2019 16:38;['C#', 'SQL', 'Web Services'];Colômbia
Programador Web;3000;3000;11 de Março de 2019 10:34;['JavaScript', 'AJAX', 'CSS', 'HTML5', 'SQL', 'VB.NET', 'AngularJS', 'Vue.js'];Colômbia
Landing Page con Login para mostrar datos de tarjeta de crédito (opción automática);250;500;06 de Março de 2019 18:33;['AJAX', 'CSS', 'HTML5', 'JavaScript', '.NET', 'API', 'SQL'];Argentina
Programador Loja virtual e Wordpress em São Paulo;100;250;28 de Fevereiro de 2019 12:47;['MySQL', 'API', 'CSS', 'HTML', 'SQL', 'WordPress'];Brasil
Projetos de Desenvolvimento de Rede Wifi: Consultoria, implantação e operação de redes Outdoor e “Community” utilizando plataformas Carrier Grade integradas aos sistemas de backend das operadoras de Telecom;3000;3000;27 de Fevereiro de 2019 19:14;['JavaScript', 'MySQL', 'J2EE', 'Java', 'SQL', 'MVC', 'Spring Framework'];Brasil
Criação de App mobilidade tipo Uber;100;250;27 de Fevereiro de 2019 03:30;['Android', 'Google App Engine', 'iPhone', 'Java', 'JavaScript', 'SQL', 'Java Server Faces (JSF)', 'Responsive Web Design', 'Apple Motion', 'Design de App Mobile'];Brasil
Creación de software administrativo;250;500;26 de Fevereiro de 2019 22:29;['PHP', 'HTML', '.NET', 'C#', 'Java', 'SQL', 'SQL Server'];México
Software Qt5 C+;100;250;11 de Janeiro de 2019 18:30;['C++', 'Qt', 'SQL', 'SQL Lite'];Venezuela
Ea Mt4 orientado al metodo Market Maker;50;100;10 de Janeiro de 2019 17:24;['Análise Financeira', 'MT4', 'SQL'];Argentina
Gobierno electrónico;500;1000;10 de Janeiro de 2019 16:35;['JavaScript', 'MySQL', 'PHP', 'Database', 'Linux', 'PostgresSQL', 'SQL'];México
Configuración de Jira Cloud;15;45;09 de Janeiro de 2019 13:25;['HTML5', 'MySQL', 'PHP', 'API', 'HTML', 'SQL'];Argentina
Erp Seguranca Patrimonial;500;1000;03 de Janeiro de 2019 19:52;['JavaScript', 'PHP', 'SQL', 'React.js'];Brasil
Web Development Software en Python Sql Xml;500;1000;03 de Janeiro de 2019 17:41;['JavaScript', 'HTML', 'Python', 'SQL', 'XML'];Chile
Programador Java;50;100;03 de Janeiro de 2019 16:15;['JavaScript', 'MySQL', 'PHP', 'Java', 'NetBeans', 'PostgresSQL', 'SQL'];Brasil
Desarrollo de base datos para contabilidad;100;250;15 de Novembro de 2018 23:30;['SQL', 'SQL Server'];Honduras
Dashboard de sucursales;50;50;15 de Novembro de 2018 22:16;['JavaScript', 'PHP', 'HTML5', 'SQL', 'ScriptCase'];Panamá
Desarrollador de Software - Gui design / Programming;500;1000;12 de Novembro de 2018 20:30;['MySQL', 'PHP', 'C++', 'Python', 'SQL', 'TCP/IP', 'Interface de usuário'];Colômbia
Desenvolvimento de Api em .Net para Gerenciamento Envios e Reclamações (Pi) Fase 01;500;1000;08 de Novembro de 2018 22:46;['JavaScript', 'MySQL', 'PHP', '.NET', 'API', 'jQuery', 'SQL', 'Lojas Virtuais (e-commerce)'];Brasil
Sistema de compras en Devexpress;1000;3000;08 de Novembro de 2018 22:45;['JavaScript', '.NET', 'SQL', 'Desenvolvimento Web', 'Microsoft Windows Server'];México
O Botões no Wordpress para Usuário Interagir com Player de Vídeo (javascript);100;250;06 de Novembro de 2018 11:14;['JavaScript', 'MySQL', 'PHP', '.NET', 'C#', 'C++', 'Java', 'Python', 'SQL', 'WordPress'];Brasil
Mobile Auto Center;1000;3000;05 de Novembro de 2018 20:21;['Android', 'JavaScript', 'Database', 'iOS', 'SQL', 'Desenvolvimento Web', 'AngularJS', 'Design de App Mobile', 'Web Design'];Brasil
Microservicios en la nube y Api gateway;100;250;03 de Outubro de 2018 11:40;['Amazon Web Services', 'API', 'Microsoft Azure', 'Microsoft Visual Studio', 'Python', 'SQL', 'Web Services', '.NET', 'JSON', 'PHP'];Argentina
Proyecto relacionado con la Api de Google para analisis estadistico de Youtube;100;250;02 de Outubro de 2018 18:37;['HTML5', 'MySQL', 'PHP', 'API', 'JavaScript', 'Python', 'SQL'];Espanha
Projeto de App para Android;50;100;02 de Outubro de 2018 15:59;['Android', 'Java', 'JavaScript', 'PHP', 'SQL'];Brasil
Agis Con Asterisk;500;1000;28 de Setembro de 2018 22:25;['Asterisk', 'SQL'];Colômbia
Projeto básico de Sql;50;50;26 de Setembro de 2018 15:03;['JavaScript', 'MySQL', 'PHP', 'SQL', 'SQL Server'];Brasil
Programadores para evaluaciones técnicas;100;250;24 de Setembro de 2018 13:38;['CSS', 'HTML', 'JavaScript', 'Python', 'SQL'];Argentina
Programa desarrollado en c+ o c# con interfas a excel;250;500;24 de Setembro de 2018 12:31;['JavaScript', 'MySQL', 'PHP', 'C#', 'C++', 'SQL', 'Edição de textos', 'Microsoft Excel'];Federação Russa
Sistema interno com React;1000;3000;17 de Agosto de 2018 17:14;['JavaScript', 'API', 'React.js', 'C#', 'SQL'];Brasil
Sistema para condomínio;250;500;16 de Agosto de 2018 22:04;['Design Gráfico', 'Adobe Illustrator', 'Adobe Photoshop', 'Android', 'iOS', 'JavaScript', 'PHP', 'SQL'];Brasil
Software Ce;250;500;09 de Agosto de 2018 23:26;['JavaScript', 'MySQL', 'PHP', 'Python', 'SQL'];Chile
Buscamos Developer Sql con experiencia en Google Cloud Datawarehousing (Dataprep & Bigquery);15;15;08 de Agosto de 2018 17:36;['Microsoft Azure', 'SQL', 'SQL Server', 'Google Cloud Platform', 'Power BI'];Argentina
Site para gerenciar programa de fidelização (Php, Nosql, Amazon);250;500;06 de Agosto de 2018 16:00;['JavaScript', 'PHP', 'Amazon Web Services', 'Node.js', 'SQL'];Brasil
Aplicativo em Ionic com Painel Web e Sincronizador Banco Postgres Já Existente;1000;3000;05 de Agosto de 2018 02:50;['Android', 'JavaScript', 'PHP', 'API', 'HTML5', 'PostgresSQL', 'SQL', 'Desenvolvimento Web', 'Ionic Framework'];Brasil
Melhoria de desempenho de consulta Sql Consulta em banco Progress;50;50;03 de Agosto de 2018 23:30;['JavaScript', 'MySQL', 'PHP', 'SQL'];Brasil
Desenvolvedor Angular - Frontend;3000;3000;12 de Julho de 2018 16:30;['API', 'jQuery', 'SQL', 'AngularJS', 'MongoDB'];Brasil
Diseñar un sitio web;100;250;09 de Julho de 2018 22:15;['Design Gráfico', 'SQL', 'Desenvolvimento Web'];México
Se solicitan Desarrolladores (Senior) que dominen las siguientes tecnologías C# , Visual Basic, Java, Javascript, Sql Server, o Mysql;250;500;09 de Julho de 2018 19:15;['JavaScript', 'MySQL', 'C#', 'Java', 'SQL', 'SQL Server', 'Visual Basic'];Venezuela
Aula/Ajuda em projeto Vb/Sql;Aberto;Aberto;07 de Julho de 2018 20:55;['SQL', '.NET'];Brasil
Cada paso cuenta;Aberto;Aberto;04 de Julho de 2018 19:37;['Android', 'HTML5', 'PHP', 'SQL'];Argentina
Necesito desarrollador para crear una aplicación Saas (startup) desde cero (backend / frontend / mobile);3000;3000;04 de Julho de 2018 18:22;['JavaScript', 'Amazon Web Services', 'API', 'CSS', 'HTML5', 'Node.js', 'SQL', 'MongoDB', 'React.js', 'Design de App Mobile'];Colômbia
Cópia de Criação de um Fantasy Game;500;1000;01 de Julho de 2018 06:36;['HTML', 'JavaScript', 'MySQL', 'PHP', 'SQL', 'Criatividade e Talento'];Brasil
Programador Visual Basic;500;1000;30 de Maio de 2018 18:19;['Microsoft Visual Studio', 'SQL', 'SQL Server', 'Visual Basic'];Brasil
Programador .Net (Full time 2 meses);45;45;26 de Maio de 2018 16:05;['MySQL', 'PHP', '.NET', 'AJAX', 'CSS', 'HTML', 'HTML5', 'SQL'];México
Exportar Datos Sql (remoto) a Excel;50;50;25 de Maio de 2018 18:24;['SQL', 'SQL Server', 'Microsoft Excel'];México
Programador .Net Mvc;500;1000;22 de Maio de 2018 23:10;['CSS', 'jQuery', 'Bootstrap', 'MVC', 'Material Design', 'SQL', 'C#', '.NET', 'JSON'];Brasil
Supervisor the desarolladores de Erp y Landing Site;250;500;22 de Maio de 2018 05:40;['JavaScript', 'PHP', 'CodeIgniter', 'HTML', 'SQL', 'Desenvolvimento Web', 'Bootstrap'];Estados Unidos
Migración de aplicación de escritorio;500;1000;21 de Maio de 2018 10:47;['JavaScript', '.NET', 'SQL', 'AngularJS'];Espanha
Sincronizacion entre un software de escritorio y una plataforma web;1000;3000;20 de Maio de 2018 19:49;['JavaScript', 'MySQL', 'PHP', 'Android', 'Java', 'PostgresSQL', 'SQL'];Venezuela
Epr (Sistema De Programacion Para Produccion);50;100;20 de Abril de 2018 22:28;['HTML5', 'MySQL', 'PHP', 'CSS', 'HTML', 'Java', 'JavaScript', 'SQL'];México
Programador mobile Aplicativo Startup;1000;3000;20 de Abril de 2018 16:39;['Android', 'API', 'C', 'SQL', 'Design de App Mobile'];Brasil
Intranet con Share Point;500;1000;20 de Abril de 2018 15:25;['.NET', 'C#', 'Microsoft Sharepoint', 'SQL'];México
Rh - Control Recursos Humanos;50;50;20 de Abril de 2018 06:13;['HTML5', 'MySQL', 'PHP', 'C', 'C++', 'Java', 'JavaScript', 'jQuery', 'SQL', 'Desenvolvimento Web'];México
Desarrollador para roku;100;250;20 de Abril de 2018 00:23;['JavaScript', 'PHP', 'SQL', 'Design de App Mobile'];Peru
Programador Android y multiplataforma;500;1000;18 de Abril de 2018 14:31;['Design Gráfico', 'Adobe Photoshop', 'Android', 'Database', 'iOS', 'Java', 'Microsoft Visual Studio', 'SQL'];Colômbia
Software inventarios y seguimiento de obras;1000;3000;18 de Abril de 2018 14:09;['PHP', 'SQL', 'Responsive Web Design', 'Design de App Mobile'];Argentina
Polling de dispositivo biometrico Hanvon F710;100;250;01 de Abril de 2018 16:39;['Visual Basic', 'SQL'];México
Manutenção magento;50;50;29 de Março de 2018 12:46;['JavaScript', 'MySQL', 'PHP', 'CSS', 'Magento', 'SQL', 'SEO'];Brasil
Sistema de Analisis de Datos y estadísticas;250;500;26 de Março de 2018 16:20;['JavaScript', 'MySQL', 'PHP', '.NET', 'ASPNET', 'SQL'];México
Projeto Mmn;100;250;26 de Março de 2018 16:06;['API', 'HTML5', 'JavaScript', 'MySQL', 'PHP', 'SQL', 'CSS3'];Brasil
Restaurants pairing website;1000;3000;23 de Março de 2018 18:17;['JavaScript', 'CSS', 'HTML5', 'Node.js', 'SQL'];Alemanha
Programacion delphy;500;1000;21 de Março de 2018 18:05;['Delphi', 'SQL'];México
Realizar consulta em banco de dados e exibir resultado em Dashboard.;100;250;20 de Março de 2018 13:48;['.NET', 'ASPNET', 'Java', 'SQL'];Brasil
Aplicativo Para Auxílio Na Rotina De Enfermagem Cuidados Do Paciente Internado;1000;3000;22 de Fevereiro de 2018 23:28;['Android', 'JavaScript', 'SQL', 'Desenvolvimento Web'];Brasil
Cadastro em Massa;100;250;21 de Fevereiro de 2018 12:36;['JavaScript', 'C#', 'CSS', 'HTML', 'SQL'];Brasil
Suporte temporário 3 meses desenvolvimento asp clássico;50;50;20 de Fevereiro de 2018 10:26;['JavaScript', 'AJAX', 'ASP', 'SQL'];Brasil
Simulador web para operaciones del mercado energía en mexico;500;1000;19 de Fevereiro de 2018 19:37;['JavaScript', 'MySQL', 'PHP', 'jQuery', 'SQL', 'Desenvolvimento Web'];México
Certificado de atributo;100;250;17 de Fevereiro de 2018 15:02;['HTML5', 'PHP', 'SQL', 'Desenvolvimento Web'];Brasil
Sistema de Punto de Venta Para Minimarket;50;50;16 de Fevereiro de 2018 15:35;['JavaScript', 'PHP', 'C#', 'jQuery', 'SQL'];Peru
Developer Php;50;100;14 de Fevereiro de 2018 14:52;['CakePHP', 'HTML5', 'MySQL', 'PHP', 'SQL'];Colômbia
Programador;500;1000;22 de Janeiro de 2018 13:14;['MySQL', 'C#', 'Crystal Reports', 'Microsoft Visual Studio', 'SQL'];Nicarágua
Sistemaweb - Controle financeiro para Organizações Religiosas;100;250;19 de Janeiro de 2018 12:09;['Contabilidade', 'Desenvolvimento Web', 'SQL', 'Web Services', 'Design de App Mobile'];Brasil
Diseño Web Ux;3000;3000;16 de Janeiro de 2018 07:49;['WordPress', 'Design Gráfico', 'SQL', 'Sketch'];Espanha
Ruby on Rails Api Developer;100;250;15 de Janeiro de 2018 18:46;['PostgresSQL', 'Ruby', 'Ruby on Rails', 'SQL'];Colômbia
Desarrollo de 2 Reportes web y mobile en .Net c#;500;1000;12 de Janeiro de 2018 16:03;['.NET', 'C#', 'SQL'];Chile
Aplicativo de E-commerce;1000;3000;11 de Janeiro de 2018 14:47;['JavaScript', 'CSS', 'HTML', 'Python', 'SQL', 'Web Design'];Brasil
Desarrollador angularjs para complementar desarrollo que esta a un 90%;100;250;10 de Janeiro de 2018 17:38;['JavaScript', 'SQL', 'SQL Server', 'Visual Basic', 'Desenvolvimento Web', 'AngularJS'];México
Programador mobile;500;1000;12 de Dezembro de 2017 17:53;['Android', 'JavaScript', 'PHP', 'SQL'];México
Fernando Gloor;100;250;12 de Dezembro de 2017 15:52;['C++', 'SQL', 'Vendas', 'Microsoft Excel', 'Análise Financeira'];Equador
Diseñar un sitio web en Wordpress;100;250;11 de Dezembro de 2017 18:31;['Android', 'JavaScript', 'SQL', 'WordPress', 'Design Gráfico', 'Adobe Photoshop', 'Marketing', 'Social Media Marketing', 'Desenvolvimento Web', 'Responsive Web Design'];República Dominicana
Erp alteration;1000;3000;11 de Dezembro de 2017 17:15;['ASP', 'ASPNET', 'SQL'];India
Programador Php;1000;3000;07 de Dezembro de 2017 12:58;['PHP', 'AJAX', 'CSS', 'HTML', 'SQL'];Brasil
Muonline;100;250;05 de Dezembro de 2017 22:48;['MySQL', 'Desenvolvimento de Games', 'Programação de Games', 'SQL', 'SQL Server'];Brasil
Programador Php e Sql;500;1000;05 de Dezembro de 2017 12:36;['API', 'JavaScript', 'MySQL', 'PHP', 'SQL'];Brasil
Gestion de la informacion de una balanza de procesos.;100;250;16 de Novembro de 2017 16:15;['SQL', 'HTML5', 'MySQL', 'PHP'];Argentina
Solucion Android y base de datos;500;1000;15 de Novembro de 2017 05:02;['Android', 'PHP', 'MySQL', 'SQL', 'Desenvolvimento Web'];Chile
Programador Android;15;15;13 de Novembro de 2017 23:41;['Android', 'SQL'];Peru
Software Administrador De Tiempos Y Consumos De Un Billar;50;100;12 de Novembro de 2017 20:46;['C', 'MySQL', 'SQL', 'Microsoft Excel', 'Espanhol'];Argentina
Javier mendez;500;1000;09 de Novembro de 2017 14:00;['PHP', 'SQL', 'Desenvolvimento Web', 'Wix'];México
Programador;50;100;07 de Novembro de 2017 15:40;['SQL', 'SQL Server', 'Firebird'];Chile
Modulo para insertar datos en Sql;100;250;06 de Novembro de 2017 22:07;['SQL'];México
Dba Banco de dados Postgres Sql - Temos um banco de dados Postgree com grande volume de dados e precisamos otimizá-lo para melhorar a performance.;100;250;17 de Outubro de 2017 13:14;['PostgresSQL', 'SQL'];Brasil
Site imobiliário;50;100;17 de Outubro de 2017 12:48;['Facebook', 'HTML', 'SQL', 'Web Design'];Brasil
Zg - Migracion Aplicacion Existente A Web;100;250;13 de Outubro de 2017 12:40;['.NET', 'C#', 'HTML', 'HTML5', 'SQL'];Uruguai
Business Intelligence Specialist;15;15;12 de Outubro de 2017 16:07;['Lojas Virtuais (e-commerce)', 'SQL', 'Marketing Online', 'Marketing', 'Vendas', 'Microsoft Excel', 'Análise de Negócios', 'Management', 'Compensação', 'Inglês', 'Inteligência empresarial'];Argentina
Outsourcing Sql 300 horas Porto Alegre;15;15;12 de Outubro de 2017 13:14;['SQL', 'SQL Server'];Brasil
Macro para control de inventarios agrícolas;100;250;11 de Outubro de 2017 14:34;['SQL'];México
Implementar interfaz diseñado de App Android para control equipo médico;1000;3000;09 de Outubro de 2017 17:00;['Android', 'CSS', 'Java', 'SQL', 'Espanhol'];Espanha
Prestashop;100;250;26 de Setembro de 2017 21:47;['HTML', 'PHP', 'PrestaShop', 'SQL'];Brasil
Webflow;1000;3000;26 de Setembro de 2017 12:30;['Android', 'iOS', 'AJAX', 'API', 'C', 'SQL'];Brasil
Adicionar novas ferramentas em sitepronto;100;250;25 de Setembro de 2017 12:20;['HTML', 'PHP', 'CSS', 'SQL'];Brasil
Sistema de  Turnos;100;250;24 de Setembro de 2017 16:07;['SQL', 'Visual Basic', 'XML'];Argentina
Desarrollo Sistema Delivery;100;250;22 de Setembro de 2017 23:59;['Java', 'PHP', 'SQL'];Argentina
Desarrollo Sistema Distribuidora;500;1000;22 de Setembro de 2017 22:19;['HTML', 'JavaScript', 'PHP', 'SQL'];Argentina
Programador para Mmn;50;50;21 de Setembro de 2017 15:40;['HTML', 'JavaScript', 'PHP', 'SQL'];Brasil
Actualización de Web en Asp.net;500;1000;31 de Agosto de 2017 07:49;['ASP', 'HTML', 'SQL', 'SQL Server'];Peru
Gestão de Motorista de Frota - premiação.;3000;3000;29 de Agosto de 2017 20:58;['Android', 'C#', 'CSS', 'ERP', 'HTML', 'JavaScript', 'SQL', 'SQL Server'];Brasil
Programación en Php, Msql, Javascrip, Net Y Sql;100;250;29 de Agosto de 2017 02:41;['.NET', 'JavaScript', 'MySQL', 'PHP', 'SQL'];Venezuela
Desenvolvimento de site de E-commerce multi-loja;100;250;28 de Agosto de 2017 15:17;['AJAX', 'Lojas Virtuais (e-commerce)', 'HTML5', 'SQL', 'Banners'];Brasil
Sistema .net;100;250;28 de Agosto de 2017 14:02;['HTML5', 'JavaScript', 'SQL', 'SQL Server', 'CSS3'];Brasil
Diseño de aplicación de escritorio. Lenguaje ideal C#;500;1000;28 de Agosto de 2017 13:42;['C#', 'SQL', 'SQL Server'];Argentina
Sistema Academico;100;250;27 de Agosto de 2017 19:14;['Java', 'SQL'];México
Sistema de vendas;50;100;18 de Agosto de 2017 03:22;['C#', 'SQL', 'SQL Server'];Brasil
C sharp y bases de datos Sql y Linq;100;250;17 de Agosto de 2017 19:35;['C', 'C++', 'SQL', 'XML', 'AutoCAD'];Colômbia
Programador Web (Web Services);100;250;17 de Agosto de 2017 00:57;['SQL', 'SQL Server', 'Web Services'];México
Implementacion Sap;100;250;16 de Agosto de 2017 21:25;['SAP', 'SQL', 'Desenvolvimento Web'];Bolívia
Crear plataforma mercadeo multinivel;1000;3000;16 de Agosto de 2017 18:38;['CSS', 'DOS', 'HTML5', 'Java', 'PHP', 'SQL'];Espanha
Wars Game;100;250;16 de Agosto de 2017 16:23;['HTML', 'SQL', 'Desenvolvimento Web'];Brasil
Descompilación de proyecto en Vb6 y recompilado;50;100;15 de Agosto de 2017 22:59;['SQL', 'Visual Basic'];Peru
Integração Paghiper na Plataforma Shopify;100;250;26 de Julho de 2017 00:12;['API', 'Lojas Virtuais (e-commerce)', 'Shopify', 'SQL'];Brasil
Excel dinamico;50;100;24 de Julho de 2017 17:45;['API', 'JavaScript', 'SQL', 'SQL Server', 'Microsoft Excel'];Colômbia
Programação de App Mobile;500;1000;23 de Julho de 2017 13:42;['DOS', 'Java', 'SQL'];Brasil
Buscador de Cvs Interno;100;250;21 de Julho de 2017 17:22;['HTML', 'PHP', 'SQL', 'SQL Server', 'Microsoft Excel'];México
Criação de um Fantasy Game;250;500;21 de Julho de 2017 06:47;['HTML', 'SQL', 'Criatividade e Talento'];Brasil
Programador sql;50;100;21 de Julho de 2017 05:20;['SQL', 'SQL Server', 'Windows'];Peru
Búsqueda de Productos con filtros, (gráfico de curvas) en Wordpress;1000;3000;20 de Julho de 2017 15:03;['CSS', 'HTML', 'PHP', 'SQL', 'WordPress'];Argentina
